﻿<?xml version="1.0" encoding="utf-8" standalone="no" ?>
<modDesc descVersion="44">
  <author>yumi</author>
  <version>1.0.0.1</version>
  <title>
    <en>Stubble Cultivator</en>
    <fr>Déchaumeur</fr>
    <de>Stoppelbearbeitung</de>
  </title>
  <description>
    <en><![CDATA[
The mod is a global specialization added to any tool implementing Cultivator or SowingMachine spec.
When activated, Stubble Cultivator will let chopped straw on the field when using cultivator to distinguish stubble cultivator vs. standard cultivator.
Similarly, by activating the mod on a seeder, chopped straw remains after sowing.

CHANGELOG:

Fixed in v1.0.0.1
- Work area detection error leading to chopped straw not applied every time it should
    ]]></en>
<de><![CDATA[
Dieser Mod ist eine globale Spezialisierung. Sie wird jedem Gerät hinzugefügt welches als Grubber oder Sämaschine eingetragen ist.
Sobald dieser Mod aktiviert wurde, lässt er das gehäckselte Stroh auf dem Feld, so kann man den Unterschied zwischen einem normalen Grubber und dem aktiven Mod sehen.
In ähnlicher Weise bleibt gehäckseltes Stroh nach der Aussaat zurück, wenn der Mod bei einer Sämaschine aktiviert wurde.

CHANGELOG:

Fixed in V 1.0.0.1
- Fehler bei der Erkennung des Arbeitsbereichs der dazu führt das gehäckseltes Stroh nicht immer angezeigt wird.
]]></de>
    <fr><![CDATA[
Le mod est une spécialisation globale ajoutée à tous les outils implémentant la spec Cultivator et SowingMachine.
Une fois activé, le mod Dechaumeur laisse les débris de paille (chopped straw) dans le champ pour distinguer un déchaumeur d'un cultivateur standard.
De même, en activant le mod sur un semoir, les débris de paille restent lors du semis.

CHANGELOG:

Fixed in v1.0.0.1
- Erreur de détection de la zone de travail entraînant des manques de débris de paille à certains endroits
    ]]></fr>
  </description>
  <iconFilename>icon_StubbleCultivator.dds</iconFilename>
  
  <l10n>
    <text name="StubbleCultivator_Activate">
            <en>Activate stubble cultivator</en>
            <de>Stoppelbearbeitung aktivieren</de>
            <fr>Activer déchaumeur</fr>
    </text>
    <text name="StubbleCultivator_Deactivate">
            <en>Deactivate stubble cultivator</en>
            <de>Stoppelbearbeitung deaktivieren</de>
            <fr>Desactiver déchaumeur</fr>
    </text>
    <text name="input_STUBBLE_OnOffStubbleCultivator">
            <en>Activate/Deactivate stubble cultivator</en>
            <de>Stoppelbearbeitung aktivieren/deaktivieren</de>
            <fr>Activer/Désactiver déchaumeur</fr>
    </text>
    <text name="StubbleSowingMachine_Activate">
            <en>Activate stubble sowing</en>
            <de>Stoppelbearbeitung aktivieren</de>
            <fr>Activer déchaumeur</fr>
    </text>
    <text name="StubbleSowingMachine_Deactivate">
            <en>Deactivate stubble sowing</en>
            <de>Stoppelbearbeitung deaktivieren</de>
            <fr>Desactiver déchaumeur</fr>
    </text>
  </l10n>

  <multiplayer supported="true"/>
  <extraSourceFiles>
    <sourceFile filename="scripts/register.lua" />
    <sourceFile filename="scripts/StubbleCultivatorEvent.lua" />
    <sourceFile filename="scripts/StubbleSowingMachineEvent.lua" />
  </extraSourceFiles>
  
  <actions>
      <action name="STUBBLE_OnOffStubbleCultivator" axisType="HALF"/>
  </actions>
  <inputBinding>
    <actionBinding action="STUBBLE_OnOffStubbleCultivator">
        <binding device="KB_MOUSE_DEFAULT" input="KEY_lctrl KEY_s"/>
    </actionBinding>
  </inputBinding>
</modDesc>
