﻿<?xml version="1.0" encoding="utf-8" standalone="no" ?>
<modDesc descVersion="53">
  <author>yumi</author>
  <version>1.0.1.0</version>
  <title>
    <en>Stubble Cultivator</en>
    <fr>Déchaumeur</fr>
    <de>Stoppelbearbeitung</de>
  </title>
  <description>
    <en><![CDATA[
The mod is a global specialization added to any tool implementing Cultivator or SowingMachine spec.
When activated, Stubble Cultivator will let chopped straw on the field when using cultivator to distinguish stubble cultivator vs. standard cultivator.
Similarly, by activating the mod on a seeder, chopped straw remains after sowing.

CHANGELOG:

Fixed in v1.0.0.1
- Work area detection error leading to chopped straw not applied every time it should
Fixed in v1.0.0.2
- Issue with Väderstad Carrier XL 825
- Adding polish translation
New in v1.0.1.0
- New mode Always activated allowing to force chopped straw texture without detecting current crop
    ]]></en>
    <de><![CDATA[
Der Mod ist eine globale Erweiterung, die zu jedem Gerät hinzugefügt wird, dass die Spezifikation für Grubber oder Sämaschine enthält.
Wenn aktiviert, lässt der Stoppelgrubber gehäckseltes Stroh auf dem Feld liegen, wenn der Grubber benutzt wird, um den Stoppelgrubber vom Standardgrubber zu unterscheiden.
In ähnlicher Weise bleibt gehäckseltes Stroh nach der Aussaat zurück, wenn der Mod bei einer Sämaschine aktiviert wurde.

CHANGELOG:

Fixed in V 1.0.0.1:
- Fehler bei der Erkennung des Arbeitsbereichs der dazu führt das gehäckseltes Stroh nicht immer angezeigt wird.
Fixed in v1.0.0.2:
- Problem mit Väderstad Carrier XL 825
- Polnische Übersetzung hinzugefügt
New in v1.0.1.0:
- Neuer Modus "immer aktiviert", dieser erzwingt die gehäckselte Strohtextur, ohne Erkennung des aktuellen Ernteguts.
    ]]></de>
    <fr><![CDATA[
Le mod est une spécialisation globale ajoutée à tous les outils implémentant la spec Cultivator et SowingMachine.
Une fois activé, le mod Dechaumeur laisse les débris de paille (chopped straw) dans le champ pour distinguer un déchaumeur d'un cultivateur standard.
De même, en activant le mod sur un semoir, les débris de paille restent lors du semis.

CHANGELOG:

Fixed in v1.0.0.1
- Erreur de détection de la zone de travail entraînant des manques de débris de paille à certains endroits
Fixed in v1.0.0.2
- Problème avec le Väderstad Carrier XL 825
- Ajout de la traduction polonaise
New in v1.0.1.0
- Nouveau mode Toujours activé permettant de forcer la texture de débris de paille sans détecter la culture déchaumée
    ]]></fr>
  </description>
  <iconFilename>icon_StubbleCultivator.dds</iconFilename>
  
  <l10n>
    <text name="StubbleCultivator_Activated">
            <en>Stubble cultivator activated</en>
            <de>Stoppelbearbeitung aktiviert</de>
            <fr>Déchaumeur activé</fr>
            <pl>Kultywacja ścierniska aktywna</pl>
    </text>
    <text name="StubbleCultivator_Deactivated">
            <en>Stubble cultivator deactivated</en>
            <de>Stoppelbearbeitung deaktiviert</de>
            <fr>Déchaumeur désactivé</fr>
            <pl>Kultywacja ścierniska nieaktywna</pl>
    </text>
    <text name="StubbleCultivator_AlwaysActivated">
            <en>Stubble cultivator always activated</en>
            <de>Stoppelbearbeitung immer aktiviert</de>
            <fr>Déchaumeur toujours activé</fr>
            <pl>Kultywacja ścierniska zawsze aktywna</pl>
    </text>
    <text name="input_STUBBLE_OnOffStubbleCultivator">
            <en>Activate/Always/Deactivate stubble cultivator</en>
            <de>Stoppelbearbeitung aktivieren/immer/deaktivieren</de>
            <fr>Activer/Toujours/Désactiver déchaumeur</fr>
            <pl>Przełączanie funckji kultywacji ścierniska</pl>
    </text>
    <text name="StubbleSowingMachine_Activated">
            <en>Stubble sowing activated</en>
            <de>Stoppelbearbeitung aktiviert</de>
            <fr>Déchaumeur activé</fr>
            <pl>Siew ścierniskowy aktywny</pl>
    </text>
    <text name="StubbleSowingMachine_Deactivated">
            <en>Stubble sowing deactivated</en>
            <de>Stoppelbearbeitung deaktiviert</de>
            <fr>Déchaumeur désactivé</fr>
            <pl>Siew ścierniskowy nieaktywny</pl>
    </text>
    <text name="StubbleSowingMachine_AlwaysActivated">
            <en>Stubble sowing always activated</en>
            <de>Stoppelbearbeitung immer aktiviert</de>
            <fr>Déchaumeur toujours activé</fr>
            <pl>Siew ścierniskowy zawsze aktywny</pl>
    </text>
  </l10n>

  <multiplayer supported="true"/>
  <extraSourceFiles>
    <sourceFile filename="scripts/register.lua" />
    <sourceFile filename="scripts/StubbleCultivatorEvent.lua" />
    <sourceFile filename="scripts/StubbleSowingMachineEvent.lua" />
  </extraSourceFiles>
  
  <actions>
      <action name="STUBBLE_OnOffStubbleCultivator" axisType="HALF"/>
  </actions>
  <inputBinding>
    <actionBinding action="STUBBLE_OnOffStubbleCultivator">
        <binding device="KB_MOUSE_DEFAULT" input="KEY_lctrl KEY_s"/>
    </actionBinding>
  </inputBinding>
</modDesc>
